,author,cook_time_minutes,description,error,footnotes,ingredients,instructions,photo_url,prep_time_minutes,rating_stars,review_count,time_scraped,title,total_time_minutes,url,Paella type
0,Christine,45,"A very traditional paella, garnished with chorizo, chicken, peas, squid, mussels, and shrimp. Chorizo is a sausage spiced with garlic and chili powder; remove casing before cooking. A paella pan is recommended.",False,[],"['4 tablespoons olive oil', '1 onion, chopped', '2 cloves garlic, minced', '1 red bell pepper, chopped', '4 ounces Spanish chorizo (cured spiced pork sausage), casing discarded and sausage cut into 1/4-inch dice', '2 skinless, boneless chicken breast halves - cut into 1 inch cubes', '1 (12 ounce) package uncooked Arborio rice', '5 cups chicken broth', '1/2 cup white wine', '1 sprig fresh thyme', '1 pinch saffron', 'salt to taste', 'ground black pepper to taste', '2 squid, cleaned and cut into 1 inch pieces', '2 tomatoes, seeded and chopped', '1/2 cup frozen green peas', '12 large shrimp, peeled and deveined', '1 pound mussels, cleaned and debearded', '1/4 cup chopped Italian flat leaf parsley', '8 slices lemon, for garnish']","['Heat olive oil in paella pan over medium heat. Add onion, garlic and pepper; cook and stir for a few minutes. Add chorizo sausage, diced chicken, and rice; cook for 2 to 3 minutes. Stir in 3 1/2 cups stock, wine, thyme leaves, and saffron. Season with salt and pepper. Bring to the boil, and simmer for 15 minutes; stir occasionally.', 'Taste the rice, and check to see if it is cooked. If the rice is uncooked, stir in 1/2 cup more stock. Continue cooking, stirring occasionally. Stir in additional stock if necessary: use up to 2 cups additional stock, 5 cups total. Cook until rice is done.', 'Stir in squid, tomatoes, and peas. Cook for 2 minutes. Arrange prawns and mussels on top. Cover with foil, and leave for 3 to 5 minutes.', 'Remove the foil, and scatter parsley over the food. Serve in paella pan, garnished with lemon wedges.']",http://images.media-allrecipes.com/userphotos/560x315/2337092.jpg,45,4.46,112,1498111256,Paella I,90,http://allrecipes.com/Recipe/12728/,Mixed
1,Dell,15,A tasty seafood dish you must try!,False,[],"['20 mussels, cleaned and debearded', '10 large shrimp', '2 large squid, cleaned and sliced into rings', '2 tablespoons olive oil', '2 pounds boneless, skinless chicken pieces cut into chunks', '3 cloves garlic, chopped', '1 red bell pepper, sliced', '2 tomatoes, cubed', '3 cups long-grain white rice', '1 pinch saffron', '1 teaspoon paprika', '1 cup green peas']","['In a pot of lightly salted water, boil the mussels until they open. Drain, and discard unopened mussels. In a separate pot of lightly salted water, boil the prawns and squid until opaque, 3 to 4 minutes. Drain, reserving liquid.', 'Heat olive oil in a large skillet. Place chicken pieces in the skillet, fry them until they are golden brown. Remove the chicken pieces from the skillet and set aside.', 'Place garlic, peppers and tomato cubes into the skillet that the chicken was just removed from. Fry the vegetables until they soften.', 'Bring the fish stock and 3 cups salted water to a boil and mix in 3 cups rice, saffron and paprika. Bring to a boil again. Cover, reduce heat and simmer for 50 minutes or until rice is tender.', 'Stir the peas into the rice. Pour the rice mixture into a large serving dish. Arrange the fried vegetables, chicken, shellfish and prawns around the rice. Serve hot.']",http://images.media-allrecipes.com/userphotos/560x315/2110617.jpg,80,4.6,4,1498111978,Paella II,95,http://allrecipes.com/Recipe/12840/,Mixed
2,Jenny,30,"Delicious paella! You could add additional crab, scallops and mussels if you would like. Place them into the casserole dish during step #5.",False,[],"['1 1/2 pounds skinless, boneless chicken breast halves - cut into bite-size pieces', '2 cups all-purpose flour', 'salt and pepper to taste', '1/3 cup olive oil', '1 pound chorizo sausage, chopped', '1 onion, chopped', '4 cloves crushed garlic', '2 cups chopped tomatoes', '2 cups white rice', '1 (6.5 ounce) can minced clams', '2 cups frozen green peas', '1 pinch saffron', '5 cups boiling chicken broth', '1 pound small shrimp - peeled and deveined']","['Preheat oven to 400 degrees F (200 degrees C).', 'Dredge the chicken in flour and salt and pepper. In a large skillet, fry the chicken in 1/4 cup olive oil until brown and crispy. Set aside.', 'In a large skillet, brown chorizo sausage. Set aside.', 'Place 2 tablespoons olive oil in a large skillet and fry onion and garlic until onions are tender. Add chopped tomatoes and saute for 3 to 4 minutes. Add rice to the skillet and mix well. This glazes the rice.', 'Put rice mixture, chicken, and sausage in large covered casserole dish. Add can of clams, peas, saffron, chicken broth and shrimp. Cover casserole dish.', 'Bake until all the liquid is absorbed and rice is tender. You may need to add more broth if rice is not done.', 'Arrange clams and mussels on top of rice and bake for another 10 minutes. Before serving, discard any clams that do not open.']",http://images.media-allrecipes.com/userphotos/560x315/3170562.jpg,80,4.59,17,1498112137,Paella III,110,http://allrecipes.com/Recipe/12878/,Mixed
3,MRS MEGS,15,This is a simple paella that is fast and tastes great.  I even got my kids to eat it.,False,[],"['1/2 cup uncooked white rice', '1 1/2 cups water', '1/2 teaspoon minced garlic', '1 pound fresh shrimp, shelled and deveined without tails', '1 (14.5 ounce) can chicken broth', '1 (14.5 ounce) can peeled and diced tomatoes with juice', '4 saffron threads']","['In a saucepan bring water to a boil. Add rice and stir. Reduce heat, cover and simmer for 20 minutes.', 'In a large skillet over medium heat, saute the garlic and shrimp for about 5 minutes or until pink.', 'Pour in broth, tomatoes and saffron; bring to a boil, stirring frequently. Stir in 2 cups of the cooked rice and reduce heat to low. Cook for an additional 5 minutes.']",http://images.media-allrecipes.com/userphotos/560x315/4123998.jpg,15,3.65,18,1498168309,Shrimp Paella,30,http://allrecipes.com/Recipe/24504/,Mixed
4,AMLOOS,25,"Sausage, chicken, shrimp and rice dish!",False,[],"['5 (4 ounce) links hot Italian sausage, cut into 1 inch pieces', '5 (4 ounce) links mild Italian sausage, cut into 1 inch pieces', '15 raw chicken tenders or strips', '2 pounds large shrimp - peeled and deveined', '1 onion, chopped', '1 green bell pepper, seeded and cut into strips', '1 large stalk celery, with leaves, finely chopped', '2 cloves garlic, minced (optional)', '2 cups uncooked long grain rice', '2 (14.5 ounce) cans peeled and diced tomatoes, juice reserved', '2 bay leaves', '2 teaspoons salt', '1 teaspoon dried oregano', '3/4 teaspoon ground turmeric', '3 1/2 cups chicken broth']","['Heat a wok over medium-high heat. Fry hot and mild Italian sausage pieces in the wok until brown on all sides. Remove sausage, and fry the chicken strips in the sausage drippings until browned. Remove chicken and saute onions, green pepper, celery, and garlic for 5 minutes, or until tender.', 'Stir in the uncooked rice, tomatoes, bay leaves, salt, oregano and turmeric. Cook and stir for 1 minute, then mix in the reserved tomato juice and chicken broth. Add chicken pieces, cover and simmer for about 20 minutes.', 'Add sausage to the mixture, and continue to simmer for 15 minutes, then stir in the shrimp; cover and cook for 5 to 10 more minutes, or until shrimp is cooked through.']",http://images.media-allrecipes.com/userphotos/560x315/4483132.jpg,60,4.36,87,1498190165,Paella,85,http://allrecipes.com/Recipe/34413/,Mixed
5,J.D.Tyre,30,"Chicken, shrimp, crawfish, andouille sausage, mushrooms, bell peppers and onion come together into a rice-based dish that no one can resist! I've never been accused of timid use of ingredients!",False,[],"['2 tablespoons olive oil', '4 chicken leg quarters', '2 (8 ounce) packages dirty rice mix', '5 cups water', '2 pounds whole cooked crawfish, peeled', '3/4 medium shrimp - peeled and deveined', '1/2 pound andouille sausage, sliced into rounds', '2 cups sliced mushrooms', '1 large green bell pepper, chopped', '1 large sweet onion, chopped', '3 cloves garlic, minced']","['Heat oil in a heavy Dutch oven over medium high heat. Sear chicken on all sides until browned. Stir in dirty rice mix and water. Stir in crawfish, shrimp, sausage, mushrooms, bell pepper, onion and garlic. Bring mixture to a boil, and stir. Reduce heat, cover and simmer until rice is tender, and moisture is absorbed, 25 to 30 minutes.']",http://images.media-allrecipes.com/userphotos/560x315/3767454.jpg,45,4.41,21,1498191543,Cajun Paella,75,http://allrecipes.com/Recipe/38167/,Mixed
6,Stouffer's®,7,"The signature dish of the Spanish city of Valencia, paella brings together the most tender rice, the richest of stock and the freshest of seafood and chicken. Kissed by a few threads of saffron this Savory Paella will bring Valencia to your table.",False,[],"[""1 (40 ounce) bag STOUFFER'S® frozen Skillet Sensations Savory Chicken & Rice Family Meal"", '1 teaspoon olive oil', '1 clove garlic, finely chopped', '1/8 teaspoon ground red pepper', '1/2 teaspoon crushed saffron threads (optional)', '1/2 pound fully cooked, cleaned medium-sized shrimp', '1 (14.5 ounce) can diced tomatoes, drained']","['HEAT olive oil in deep 12-inch skillet over medium heat. Add garlic; cook until aromatic. Add Savory Chicken & Rice, saffron and red pepper; prepare according to package instructions. Add shrimp and tomatoes; cover and cook over low heat for 5 minutes or until hot.']",http://images.media-allrecipes.com/userphotos/250x250/988099.jpg,20,3.0,0,1498192570,Savory Paella,27,http://allrecipes.com/Recipe/40516/,Seafood
7,Betty Crocker®,15,"No special pans required!  Experience authentic-tasting paella with fresh vegetables, rice and saffron seasonings.  It's quick and easy!",False,"[""Betty's Tips"", ""Traditional paella is a Spanish dish loaded with seafood, vegetables, rice and saffron seasoning. In some regions, it's cooked outside in a large flat pan, also called a paella."", 'Save time cutting broccoli! Look for the packages of broccoli flowerets available in the produce section of your grocery store.', 'A traditional paella flavoring (and expensive spice), saffron is the hand-picked stigma from a tiny purple crocus flower. It takes more than 14,000 of these little threads to produce one ounce of saffron!', ""Turmeric does the trick as a saffron substitute because it's moderately priced and generally available in most supermarkets. Both spices are pungent, aromatic and used to add flavor and color to foods."", 'Click here for more Betty Crocker® recipes.', '®Reg. T.M. of General Mills, Inc. or its affiliates']","['1 pound asparagus, cut into 2-inch pieces', '3 cups broccoli flowerets', '2 teaspoons olive or vegetable oil', '1 medium red bell pepper, chopped', '2 small zucchini, chopped', '1 medium onion, chopped', '4 cups cooked brown or regular long-grain rice', '3/4 teaspoon salt', '1/2 teaspoon saffron threads', '2 large tomatoes, seeded and chopped', '2 (15 ounce) cans garbanzo beans, rinsed and drained', '1 (10 ounce) package frozen green peas, thawed']","['Cook asparagus and broccoli in enough boiling water to cover in 2-quart saucepan about 4 minutes or until crisp-tender; drain.', 'Heat oil in 10-inch skillet over medium-high heat. Cook asparagus, broccoli, bell pepper, zucchini and onion in oil about 5 minutes, stirring occasionally, until onion is crisp-tender.', 'Stir in remaining ingredients. Cook about 5 minutes, stirring frequently, until hot.']",http://images.media-allrecipes.com/userphotos/250x250/985282.jpg,15,3.25,4,1498198274,Spring Vegetable Paella,30,http://allrecipes.com/Recipe/51119/,Other
8,DRAPOSO,15,I am a vegetarian and I am always trying new things. Substitute this meat dish with veggie ground beef and you won't taste the difference!,False,[],"['2 cups water', '1 cup long grain rice, rinsed and drained', 'vegetable oil', '1 cup frozen corn and peas', '1 cup frozen broccoli', '1 cup sliced mushrooms', '1 (12 ounce) package texturized vegetable protein (TVP)', '1/4 teaspoon garlic salt', '1/4 teaspoon paprika', '1 pinch black pepper']","['Bring water to a boil in a medium saucepan. Add rice and stir. Reduce heat, cover and simmer for 20 minutes. Set aside.', 'Heat oil in wok or deep frying pan over medium high heat. Cook frozen corn, peas, and broccoli until thawed. Stir in sliced mushrooms and veggie ground beef, and continue cooking for 5 minutes, stirring occasionally. Once vegetables are tender and vegetable protein is browned, stir in garlic salt and paprika. Reduce heat to low, and cook another 3 minutes. Serve warm over rice.']",http://images.media-allrecipes.com/global/recipes/nophoto/nopicture-910x511.png,30,2.88,6,1498199732,Vegetable Paella,45,http://allrecipes.com/Recipe/54583/,Other
9,Lindsay® Olives,30,"A delicious, traditional combination of spicy sausage and saffron-scented chicken with rice, this paella takes these flavor combinations to a new level with the addition of zesty Lindsay® Stuffed Manzanilla Olives.",False,"['* Look for small vials of saffron, an exotic Spanish spice, in the spice section of your supermarket. If it is not available, substitute 1 teaspoon turmeric.']","['1 cup dry white wine', '1/2 teaspoon crushed saffron threads*', '3/4 pound hot Italian sausage or Andouille sausage, sliced 1/4-inch thick', '2 tablespoons olive oil, divided', '6 small bone-in chicken thighs, skinned', 'Salt (optional)', '1 large onion, chopped', '4 cloves garlic, minced', '2 cups Arborio rice', '2 (13.75 ounce) cans low salt chicken broth or chicken stock', '1/2 teaspoon cayenne pepper', '1 large tomato, seeded and diced', '1 cup frozen peas', '3/4 cup Lindsay® Stuffed Manzanilla Olives, halved crosswise']","['Heat oven to 400 degrees F. Combine wine and saffron threads; set aside.', 'Cook sausage slices in an oven-proof Dutch oven or paella pan over medium heat until browned, about 6 minutes, turning once. Transfer to a small bowl; set aside. Add 1 tablespoon olive oil to skillet. Add chicken; sprinkle with salt to taste if desired. Cook 5 minutes; turn and continue to cook 5 minutes. Transfer chicken to a large bowl; set aside.', 'Add remaining 1 tablespoon oil to skillet. Add onion and garlic; cook 3 minutes; stirring occasionally. Add rice; cook 1 minute, stirring constantly. Add broth, wine-saffron mixture and cayenne pepper; bring to a boil. Reduce heat; simmer uncovered 8 minutes, stirring frequently. Remove from heat; stir in tomato, peas and reserved sausage. Bury chicken under rice mixture. Cover; bake 40 minutes or until most of liquid is absorbed. Remove from oven; let stand covered 5 minutes before serving.']",http://images.media-allrecipes.com/global/recipes/nophoto/nopicture-910x511.png,70,4.5,2,1498204720,"Seville Chicken, Sausage & Olive Paella",100,http://allrecipes.com/Recipe/65763/,Traditional
10,Jason Nelson,30,"I lived in Spain for two years where I was taught the art of making the Paella which originated in Valencia. I haven't found anything on here which is even close to authentic, so I thought I would add this recipe for those who would like to try a taste of Spain. First and foremost you will need a special paella pan called a paellera or just a paella. Trust me after you taste this you'll be glad you bought the special pan.",False,"['Note', ""Rabbit can be very hard to find so you can just use a whole chicken instead. It also may be easier to use boneless chicken but then you don't get any fun extras, like hearts and livers. If you do use the hearts and livers don't put them in until later as they cook very fast. They will however add a nice flavor to the rest of the dish.""]","['1 tablespoon olive oil', '1/2 (4 pound) whole chicken, cut into 6 pieces', '1/2 (2 pound) rabbit, cleaned and cut into pieces', '1 head garlic, cloves separated and peeled', '1 tomato, finely chopped', '1 (15.5 ounce) can butter beans', '1/2 (10 ounce) package frozen green peas', '1/2 (10 ounce) package frozen green beans', 'salt to taste', '1 teaspoon mild paprika, or to taste', '1 pinch saffron threads', 'dried thyme to taste (optional)', 'dried rosemary to taste (optional)', '4 cups uncooked white rice, or as needed']","['Heat a paella pan over medium-high heat, and coat with olive oil. Add the chicken, rabbit and garlic; cook and stir until nicely browned. Move the browned meat to the sides of the pan, and add the tomato, butter beans, peas, and green beans. Season with paprika, and mix well.', 'Fill the paella pan almost to the top with water, measuring the water as you put it in. This is to help you to determine how much rice to add, as paella pans come in different sizes. Bring to a boil. Simmer for about 1 hour to make a nice broth.', 'Season with a generous amount of salt, and just enough saffron to make a nice yellow color. Season with thyme and rosemary if desired. The goal is to make a rich tasting broth that will soak into the rice to make it delicious. Stir in half as much rice as the amount of water in the pan. Cover, reduce heat to low, and simmer until all of the liquid has been absorbed, about 20 minutes.']",http://images.media-allrecipes.com/userphotos/560x315/1127727.jpg,90,4.07,30,1498208587,Authentic Paella Valenciana,120,http://allrecipes.com/Recipe/73337/,Traditional
11,Lauri Ann Randolph,0,This low carb adaptation is made from cauliflower instead of rice and then broiled salmon is served on top. This is a great dish for a dinner party. Seafood paella typically has an assortment of fish. Feel free to swap out half the salmon for another type of fish. Just be sure that it has the same thickness so that it cooks in the same amount of time. The salmon will be broiled and then finished off in the oven. So you will need to place a rack just under the broiler and another in the middle of the oven. The salmon will be broiled and then finished off in the oven. So you will need to place a rack just under the broiler and another in the middle of the oven.,False,"['Shrimp Addition', 'To stretch this recipe to serve 6 people, add 1 lb of shrimp (still in the shell). Place the shrimp on the pan with the salmon when you move it from the broiler to the oven in step 3. Prior to assembling in step 6; cut the salmon fillets into halves or thirds.']","['4 salmon fillets', '2 tablespoons canola oil', '1 teaspoon lemon pepper', '8 slices lemon', '1 head cauliflower, grated', '1 stalk celery, minced', '2 scallions, minced', '1/2 cup red and green bell pepper, minced', '1 tablespoon butter', '1/4 cup dry white wine', '4 tablespoons Carb Options™ Ketchup', '2 tablespoons lemon juice', '1 tablespoon Worcestershire sauce', '1 teaspoon oregano']","['In a small bowl, mix together the ketchup, lemon juice, Worcestershire sauce and the oregano, set aside.', 'Grate the cauliflower. This is accomplished best by using your grating wheel on your food processor. But you can do it by hand also with a cheese grater. Mince the celery, scallions and peppers quite finely. Set aside.', ""Rub each salmon fillet with canola oil and place on a foil lined sheet pan, skin side down. Sprinkle each with the lemon pepper. Place under the broiler for 5 minutes. Turn off broiler and set oven to 300 degrees F. Place two lemon slices on each fillet and cook until the 'rice' is ready."", 'In a large skillet, melt the butter over medium-high heat. Add the celery, scallions and peppers and saute for a minute or two. Add the cauliflower and saute for a minute or so, stirring occasionally until it soaks up all the butter. Then splash in the water to let the cauliflower steam a bit (30 seconds or more).', 'Drizzle the ketchup mixture over the veggies (do not dump it all in one spot) and stir well. Taste and add salt or pepper as needed.', 'To assemble: Heap the paella in the center of a platter and lean each salmon fillet along the sides. Serve with a green salad and or green vegetable.']",http://images.media-allrecipes.com/global/recipes/nophoto/nopicture-910x511.png,0,0.0,0,1498211156,Salmon Paella,0,http://allrecipes.com/Recipe/81723/,Other
12,mls,30,"An easy to make paella using chorizo, chicken, and shrimp.",False,[],"['2 tablespoons olive oil', '1 tablespoon paprika', '2 teaspoons dried oregano', 'salt and black pepper to taste', '2 pounds skinless, boneless chicken breasts, cut into 2 inch pieces', '2 tablespoons olive oil, divided', '3 cloves garlic, crushed', '1 teaspoon crushed red pepper flakes', '2 cups uncooked short-grain white rice', '1 pinch saffron threads', '1 bay leaf', '1/2 bunch Italian flat leaf parsley, chopped', '1 quart chicken stock', '2 lemons, zested', '2 tablespoons olive oil', '1 Spanish onion, chopped', '1 red bell pepper, coarsely chopped', '1 pound chorizo sausage, casings removed and crumbled', '1 pound shrimp, peeled and deveined']","['In a medium bowl, mix together 2 tablespoons olive oil, paprika, oregano, and salt and pepper. Stir in chicken pieces to coat. Cover, and refrigerate.', 'Heat 2 tablespoons olive oil in a large skillet or paella pan over medium heat. Stir in garlic, red pepper flakes, and rice. Cook, stirring, to coat rice with oil, about 3 minutes. Stir in saffron threads, bay leaf, parsley, chicken stock, and lemon zest. Bring to a boil, cover, and reduce heat to medium low. Simmer 20 minutes.', 'Meanwhile, heat 2 tablespoons olive oil in a separate skillet over medium heat. Stir in marinated chicken and onion; cook 5 minutes. Stir in bell pepper and sausage; cook 5 minutes. Stir in shrimp; cook, turning the shrimp, until both sides are pink.', 'Spread rice mixture onto a serving tray. Top with meat and seafood mixture.']",http://images.media-allrecipes.com/userphotos/560x315/886465.jpg,30,4.61,341,1498213667,Easy Paella,60,http://allrecipes.com/Recipe/84137/,Mixed
13,Desi Carrimko,30,"This is the paella all your family and friends will beg you to make again. It has the true flavor of Spain and has been made by my family in Catalonia, Spain for many generations. Enjoy!",False,"['Aluminum foil helps keep food moist, ensures it cooks evenly, keeps leftovers fresh, and makes clean-up easy.']","['1/2 cup olive oil', '1 1/4 pounds chicken thighs', '1/2 cup onion, diced', '2 cloves garlic, chopped', '1/2 green bell pepper, diced', '1/2 red bell pepper, diced', '1/4 pound calamari rings', '1/4 pound small shrimp - peeled and deveined', '1 teaspoon salt', '2 teaspoons saffron threads', '1 (14 ounce) can crushed tomatoes', '1/2 cup peas', '3 cups long grain rice', '6 cups water', '6 large clams in shell, scrubbed', '6 jumbo shrimp in shells (21-25 per lb.)', '6 large sea scallops', '6 wedges lemon']","['Heat olive oil in a very large skillet or paella pan over medium-high heat until it begins to smoke. Place chicken thighs skin-side down into oil and sear until golden brown on both sides, about 5 minutes; set aside.', 'Stir in onion and garlic, and cook until the onion has softened and turned translucent, about 1 minute. Add green and red bell peppers, calamari, and small shrimp; cook for 2 minutes more.', 'Stir in salt, saffron, tomatoes, peas, rice, and water until well combined. Add chicken thighs, and simmer for 15 minutes over medium-high heat, stirring frequently to make sure rice does not stick.', 'Decoratively nestle clams and jumbo shrimp into the rice. Reduce heat to medium-low, cover, and simmer for 10 minutes. Place the scallops into the paella, recover, and continue simmering until the rice is tender and the scallops firm and opaque, about 5 minutes. Garnish with lemon wedges to serve.']",http://images.media-allrecipes.com/userphotos/560x315/1935257.jpg,40,4.46,37,1498220578,Maria's Paella,70,http://allrecipes.com/Recipe/97840/,Mixed
14,luckyjen7,45,"This is an authentic dish from Spain, the exotic flavors will burst in your mouth. Serve this to a group of friends, and they'll come back every time!",False,[],"['2 tablespoons olive oil', '16 head-on medium shrimp', '1 red onion, diced', '2 teaspoons minced garlic', '2 cups Arborio rice', '5 1/2 cups hot fish stock', '1/4 teaspoon saffron threads', '1 1/2 teaspoons smoked paprika', '1 teaspoon lemon or lime zest', '1 tablespoon chopped fresh oregano', 'sea salt to taste', '16 mussels, scrubbed and debearded', '1 pound red snapper fillets, cut into 1 inch pieces', '1/4 pound medium shrimp, peeled and deveined', '1 (10 ounce) cooked lobster tail, cut into 1/2-inch thick slices', '2 tomatoes, seeded and diced', '2 lemons, cut into wedges']","['Heat olive oil in a very large skillet or paella pan over medium-high heat. Add the head-on shrimp and sear on each side until they turn orange and have lightly browned (they should still be raw on the inside). Remove the shrimp and set aside.', 'Reduce heat to medium and stir in red onion and garlic. Cook for a few minutes until the onion has softened and turned translucent. Stir in Arborio rice until coated with oil. Pour in the fish stock and season with saffron, paprika, lemon zest, and oregano. Bring to a simmer over medium-high heat then stir in sea salt to taste. Reduce heat to medium-low and gently simmer uncovered for 15 minutes, stirring occasionally.', 'Decoratively nestle the mussels and head-on shrimp into the rice, cover, and simmer for 5 minutes. Next, push the red snapper and deveined shrimp into the rice, recover and simmer an additional 10 minutes. Finally, add lobster and sprinkle with diced tomatoes. Cover and simmer until the mussels have opened, the rice is tender, and the lobster is hot; about 5 minutes more.', 'Serve in the paella pan garnished with lemon wedges.']",http://images.media-allrecipes.com/userphotos/560x315/3139487.jpg,50,4.5,10,1498100396,Saffron-Scented Lobster Paella,95,http://allrecipes.com/Recipe/103510/,Seafood
15,Pam Anderson,15,"An easy no-fuss paella dish, packed with chicken, spicy chorizo sausage, shrimp and saffron-infused rice.",False,['This recipe is based on Easy Paella submitted by CONNORIAN.'],"['2 pounds boneless, skinless chicken thighs, cut into 2 inch pieces', '4 tablespoons olive oil, divided', '1 tablespoon paprika', '2 teaspoons dried oregano', 'salt', 'freshly ground black pepper', '12 ounces chorizo sausage, cut into 1/2 inch thick pieces', '1 large onion, diced', '1 red bell pepper, seeded and diced', '4 cloves garlic, minced', '2 bay leaves', '1/8 teaspoon red pepper flakes', '1 pinch saffron threads', '2 cups short grain rice', '1 quart chicken broth', '1 pound shrimp, peeled and deveined', '2 lemons, zested', '1/2 cup chopped fresh parsley leaves']","['In a medium bowl, mix together chicken pieces, 2 tablespoons oil, paprika, oregano, salt and pepper; set aside.', 'Heat a large, deep pan over medium-high heat. Add chicken to hot skillet and cook until well browned and cooked through, about 6 to 8 minutes. Remove from pan and set aside.', 'Heat remaining 2 tablespoons oil in the pan over medium-high heat. Stir in sausage, onion and bell pepper; cook until tender, about 5 to 7 minutes. Add garlic, bay leaves, pepper flakes, saffron and rice; cook until well coated with the oil. Add chicken broth; cover and bring to a boil. Reduce heat to low and simmer until almost all of the liquid is absorbed, about 15 to 20 minutes. Stir in cooked chicken, shrimp, lemon zest, and parsley; cover and continue to cook until shrimp are pink, about 5 to 7 minutes longer. Stir well and serve.']",http://images.media-allrecipes.com/userphotos/250x250/989747.jpg,50,0.0,0,1498102995,Classic Paella,65,http://allrecipes.com/Recipe/109183/,Mixed
16,Food & Wine,0,"We've based this salad very loosely on paella, the Spanish rice dish - and you can actually make it with rice if you like. Our choice, though, is orzo, the tiny rice-shaped pasta. The cooking instructions are the same whichever you choose.",False,[],"['3 1/2 tablespoons olive oil', '1 onion, chopped', '1 green bell pepper, chopped', '1 1/4 teaspoons salt', '6 ounces dried chorizo or other firm spicy sausage such as pepperoni, quartered lengthwise and sliced thin crosswise', '1/4 teaspoon dried red pepper flakes', '1 teaspoon paprika', '1 pound boneless, skinless chicken breasts (about 3) cut into 1/2-inch cubes', '1/4 teaspoon fresh-ground black pepper', '1/2 pound orzo', '2 tablespoons lemon juice', '1 tomato, diced', '1/2 cup chopped fresh parsley']","['In a large frying pan, heat 1 1/2 tablespoons of the oil over moderately low heat. Add the onion, bell pepper, and 1/4 teaspoon of the salt. Cook, stirring occasionally, until the vegetables start to soften, about 10 minutes.', 'Increase the heat to moderately high. Add the chorizo and cook, stirring occasionally, for 2 minutes. Stir in the red-pepper flakes, paprika, chicken, 1/2 teaspoon of the salt, and the black pepper and cook, stirring frequently, until the chicken is almost done, about 3 minutes. Cover the pan and remove from the heat. Steam the chicken for 2 minutes. Transfer the mixture to a large glass or stainless-steel bowl to cool.', 'Meanwhile, in a large pot of boiling, salted water, cook the orzo until done, about 12 minutes. Drain. Rinse with cold water and drain thoroughly.', 'Add the drained orzo to the chicken mixture. Toss with the lemon juice, the remaining 2 tablespoons oil and 1/2 teaspoon salt, the tomato, and the parsley.']",http://images.media-allrecipes.com/global/recipes/nophoto/nopicture-910x511.png,0,0.0,0,1498105082,Paella Salad,0,http://allrecipes.com/Recipe/113672/,Traditional
17,Food & Wine,0,"You don't need a paella pan to make paella; any large frying pan will do. Serve this paella hot or at room temperature (as it is often eaten in Spain), as is or topped with toasted sliced almonds.",False,[],"['2 tablespoons olive oil', '1 onion, chopped', '1/4 cup drained sliced jarred pimientos, chopped', '1 tomato, peeled and chopped', '1 clove garlic, minced', '1 1/4 teaspoons salt', '1/4 teaspoon turmeric', '2 cups rice, preferably medium-grain such as arborio', '3 cups canned low-sodium chicken broth or homemade stock', '1 cup water', '1/2 cup chopped flat-leaf parsley', '1/2 pound asparagus, tough ends snapped off and discarded, spears cut into 2-inch pieces', '1 cup frozen peas', '1 (6.5 ounce) jar marinated artichoke hearts, drained and sliced', '2 cups drained and rinsed canned cannellini beans']","['In a large frying pan, heat the oil over moderately low heat. Add the onion and cook, stirring occasionally, until translucent, about 5 minutes. Add the pimientos, tomato, and garlic and cook, stirring occasionally, for 2 minutes.', 'Stir in the salt, turmeric, and rice. Add the chicken broth, water, and parsley and bring to a boil. Continue cooking over moderate heat, stirring frequently, until most of the liquid has been absorbed by the rice, about 7 minutes.', 'Stir in the asparagus, peas, artichokes, and beans. Reduce the heat and simmer, covered, for 15 minutes. Remove from the heat and let stand, covered, for 10 minutes before serving.']",http://images.media-allrecipes.com/global/recipes/nophoto/nopicture-910x511.png,0,0.0,0,1498105659,Spring-Vegetable Paella,0,http://allrecipes.com/Recipe/113808/,Traditional
18,Martha Stewart,0,Different brands of clam juice vary in sodium content; choose one that contains sixty milligrams per ounce or less.,False,[],"['3 cups homemade chicken stock, or canned low-sodium chicken broth, skimmed of fat', '2 cups low-sodium clam juice', '1 pinch saffron', '1 cup sugar-snap peas, tough strings removed, cut in half on the bias', '2 links chicken sausage, cut into 1/2-inch rounds', '12 medium shrimp, peeled and deveined', '12 squid, cleaned and cut into 1-inch rings', '1 medium onion, peeled and finely diced', '2 tablespoons minced garlic', '1 red bell pepper, seeded and cut into 1-inch-long matchsticks', '1 yellow bell pepper, seeded and cut into 1-inch-long matchsticks', '1 pound uncooked paella rice', '1 pound cockles and mussels', '1/4 teaspoon paprika', '1/4 teaspoon freshly ground black pepper', '6 plum tomatoes, seeded and cut into 1/4-inch dice', '1/4 cup coarsely chopped fresh flat-leaf parsley', 'Olive oil cooking spray']","['Place stock, clam juice, and saffron in a medium saucepan over medium-high heat. Bring to a boil, cover, and reduce heat; simmer 15 minutes. Remove from heat; set aside.', 'Prepare an ice bath. Bring a medium saucepan of water to a boil, and blanch sugar snap peas until bright green and just tender, about 1 minute. Using a slotted spoon, transfer peas to ice bath; let cool. Drain, and set aside.', 'Coat a paella pan (or a 6-quart Dutch oven that measures 11 inches in diameter and 5 inches in height) with cooking spray; set over medium-high heat. Add sausage, and cook until well browned, turning, about 5 minutes.', 'Add shrimp, and cook 1 1/2 minutes. Add squid, and cook until opaque, about 1 1/2 minutes more. Transfer seafood and sausage to a plate, and set aside.', 'Add onion, garlic, and bell peppers to paella pan; saute until onions are translucent, about 3 minutes. Add uncooked rice; saute until translucent, 1 to 2 minutes more. Add 4 cups reserved stock mixture; bring to a boil. Reduce heat to medium low, and cover. Cook until most liquid has been absorbed and the rice is just tender, about 10 minutes.', 'Meanwhile, place remaining cup of stock mixture, cockles, and mussels in a saute pan over medium-high heat. Cover, and bring to boil. Cook until all shells have opened, 2 to 3 minutes; discard any that remain closed.', 'Add paprika, black pepper, tomatoes, shrimp, squid, and sausage to rice mixture; combine. Add cockles, mussels, and cooking liquid to mixture, being careful to leave behind any residue in saute pan. Stir in parsley; garnish with peas. Serve immediately.']",http://images.media-allrecipes.com/global/recipes/nophoto/nopicture-910x511.png,0,0.0,0,1498105953,Seafood Paella,0,http://allrecipes.com/Recipe/115831/,Mixed
19,Taste of Home Test Kitchen,10,"One bite of the delicious rice recipe our Test Kitchen concocted and you're bound to have a passion for paella. Colorful and filling, it makes a good hearty side dish or meatless entree. Paella is ideal potluck and party food, too.",False,"['Nutritional Analysis: One serving (1-2/3 cups) equals 359 calories, 6 g fat (1 g saturated fat), 0 cholesterol, 1,254 mg sodium, 68 g carbohydrate, 8 g fiber, 11 g protein. Diabetic Exchanges: 3 starch, 3 vegetable, 1 fat.']","['1 large onion, chopped', '2 tablespoons olive or canola oil', '1 1/2 cups uncooked long grain rice', '3 garlic cloves, minced', '2 1/2 cups vegetable broth', '1 1/2 cups sliced carrots', '1 1/2 cups frozen cut green beans, thawed', '1 medium sweet red pepper, julienned', '1 medium zucchini, quartered lengthwise and cut into 1/2 inch slices', '1 teaspoon salt', '1/2 teaspoon dried thyme', '1/4 teaspoon ground turmeric', '1/8 teaspoon paprika', '1 (14 ounce) can water-packed artichoke hearts, drained and quartered', '2 plum tomatoes, seeded and chopped', '1 cup frozen peas, thawed', '1 cup frozen corn, thawed']","['In a large nonstick skillet, saute onion in oil for 2 minutes. Add rice and garlic; saute 1 minute longer. Add the next nine ingredients; mix well. Bring to a boil. Reduce heat; cover and simmer for 25-30 minutes or until liquid is absorbed and rice is tender. Stir in the artichoke hearts, tomatoes, peas and corn; heat through.']",http://images.media-allrecipes.com/userphotos/560x315/38035.jpg,35,4.38,22,1498107943,Garden Paella,45,http://allrecipes.com/Recipe/119704/,Other
20,Epicurious.com,0,"A fabulous all-in-one dish, similar to paella, from Lucques in Los Angeles.",False,[],"['2 cups chicken stock or canned low-sodium chicken broth', '1/4 teaspoon saffron strands', '2 tablespoons extra-virgin olive oil', '1/4 cup chopped shallots', '1 cup arborio rice or medium-grain white rice', '4 garlic cloves, minced', '1/2 cup dry white wine', '1 cup bottled clam juice', '20 mussels, scrubbed and debearded', '12 littleneck clams, scrubbed', '12 uncooked large shrimp, peeled, deveined, tails left intact', '3/4 cup chopped tomatoes', '1/4 cup sliced green onions', 'Lemon wedges', 'Green Olive Relish']","['Bring stock and saffron to simmer in medium saucepan. Remove from heat; cover to keep warm.', 'Heat olive oil in heavy large pot over medium heat. Add shallots; saute until tender, about 2 minutes. Add rice and garlic; stir 1 minute. Add white wine and stir until absorbed, about 2 minutes. Add 1/2 cup saffron stock and simmer until absorbed, stirring frequently. Add remaining stock 1/2 cup at a time, allowing stock to be absorbed before adding more and stirring frequently until rice is cooked halfway, about 10 minutes. Add clam juice, mussels, littleneck clams, shrimp and chopped tomatoes. Cover and simmer until rice is tender, mussels and clams open, shrimp are cooked through and liquid is absorbed, about 10 minutes (discard any mussels and clams that do not open). Divide seafood and saffron risotto equally among 4 bowls. Sprinkle with sliced green onions. Garnish with lemon wedges. Serve, passing Green Olive Relish separately.']",http://images.media-allrecipes.com/global/recipes/nophoto/nopicture-910x511.png,0,0.0,0,1498112199,"Mussels, Clams and Shrimp with Saffron Risotto and Green Olive Relish",0,http://allrecipes.com/Recipe/127056/,Mixed
21,Susie Quick,15,"This is a simple, speedy version of paella, which usually requires cooking in the oven as well as on the stove. Paella gets its distinctive taste from the rich, smoky flavor of Spanish paprika. If you can't find it, mix equal parts sweet Hungarian paprika with chipotle powder. To save even more time, buy shrimp already peeled and deveined.",False,[],"['1 (8 ounce) package yellow-rice mix', '1 cup frozen petite peas', '4 teaspoons olive oil', '3 ounces smoked chorizo sausage links, sliced', '1 extra large onion, chopped', '1 red bell pepper, chopped', '2 cloves garlic, chopped', '1 1/2 teaspoons Spanish paprika (preferably sweet)', '1 pint cherry tomatoes', '14 medium shrimp', 'Kosher salt and freshly ground pepper', '2 tablespoons chopped flat leaf parsley']","['Prepare yellow rice according to package directions, but omit butter and oil; use only 1/4 cups water (the rice should be slightly al dente when cooked). Remove pan from heat and stir in the frozen peas; cover and set aside.', 'Meanwhile, heat 2 teaspoons oil in a wok (or 12-inch nonstick skillet) over medium-high heat. Stir-fry sausage until browned. Transfer to a plate. Add onion, bell pepper, garlic, and remaining oil to wok; stir-fry until onions are soft, about 3 minutes. Add paprika and stir-fry 1 minute.', 'Return sausage to skillet along with tomatoes and shrimp. Stir-fry until shrimp are just cooked through and pink, about 2 minutes. Add rice and peas to wok and cook, stirring, until ingredients are combined. Season to taste with salt and pepper. Top with parsley and serve.']",http://images.media-allrecipes.com/global/recipes/nophoto/nopicture-910x511.png,0,0.0,0,1498112112,Paella Stir-Fry,15,http://allrecipes.com/Recipe/127968/,Seafood
22,Anne Egan,15,.,False,[],"['1 tablespoon olive oil', '1 onion, chopped', '3 cloves garlic, chopped', '1 cup basmati or long-grain white rice', '1 yellow squash, cut into 1/2-inch cubes', '1 red bell pepper, cut into 1/2-inch pieces', '1 (15 ounce) can diced tomatoes', '1 (14.5 ounce) can reduced-sodium vegetable broth', '1 cup water', '1 bay leaf', '1/4 teaspoon salt', '1 (15 ounce) can cannellini or great Northern beans, rinsed and drained', '1 cup frozen peas, thawed']","['Warm the oil in a Dutch oven over medium heat. Add the onion and garlic. Cook, stirring, for 3 minutes, or until lightly browned. Add the rice, squash, and bell pepper. Cook for 5 minutes, stirring occasionally, or until the pepper starts to soften. Add the tomatoes (with juice), broth, water, bay leaf, and salt. Reduce the heat to medium-low.', 'Cover and simmer for 20 minutes, or until the rice is tender. Add the beans and peas. Cook, stirring gently, for 3 to 5 minutes, or until heated through. Remove and discard the bay leaf.']",http://images.media-allrecipes.com/global/recipes/nophoto/nopicture-910x511.png,35,0.0,0,1498111961,Vegetable Paella,50,http://allrecipes.com/Recipe/128383/,Other
23,Readers Digest,25,"This is a traditional recipe from the coastal regions in southeastern Spain. Paella lends itself to an endless array of variations, so if you don't like snails or eel, substitute other meat or seafood that you do like. ",False,[],"['1/4 cup extra-virgin olive oil', '3 cloves garlic, peeled and lightly crushed', '1 roasting chicken (or rabbit), boned and cut into small chunks', '3 cups short-grain rice', '1 1/2 quarts boiling water', '2 pounds snails, clams, or shrimp, cleaned', '2 artichoke hearts, cleaned and chopped', '8 ounces green beans, cut into short lengths', '1 3/4 cups peas', '1 pound mussels, in shell', '1 pound eel or tuna, cleaned and chopped', 'Salt and freshly ground black pepper', '1 bay leaf', '8 saffron threads, crumbled']","['Preheat the oven to 400 degrees F. Heat the oil in a paella pan or large frying pan about 18 inches in diameter over medium heat. Saute the garlic for 2 to 3 minutes. Discard the garlic.', 'Brown the chicken in the same pan for 5 minutes. Add the rice and stir until well coated with oil. Pour in the water and bring to a boil. Add the snails, artichokes, green beans, peas, mussels, and eel. Season with salt and pepper. Add the bay leaf and saffron. Continue cooking over medium-high heat until the liquid has almost all been absorbed.', 'Discard any clams or mussels that do not open. The rice grains should still be slightly crunchy and there should still be some liquid in the pan. Bake in the oven, uncovered, for 10 minutes. Cover the pan with foil or parchment paper and let stand for 10 minutes. Remove the bay leaf before serving.']",http://images.media-allrecipes.com/global/recipes/nophoto/nopicture-910x511.png,30,0.0,0,1498113321,"Paella, Valencia-Style",65,http://allrecipes.com/Recipe/129360/,Mixed
24,Sarah Breckenridge,0,.,False,[],"['4 teaspoons olive oil', '8 ounces chicken breast, cubed', '8 ounces large shrimp', '4 scallions, white bulbs and green tops chopped and reserved separately', '2 cloves garlic, minced', '1/4 teaspoon saffron threads, crumbled', '1/2 teaspoon paprika', '1/4 teaspoon turmeric (for color)', '2 cups orzo', '2 (14.5 ounce) cans chicken broth', '1 (14.5 ounce) can diced tomatoes, drained']","['In a skillet, heat 1 teaspoon oil over medium-high heat. Add chicken and saute until golden brown on all sides, about 4 minutes. Remove to a plate. Add 1 teaspoon oil to skillet and saute shrimp, turning once, until opaque, about 2 minutes. Remove to plate.', 'Add remaining oil to skillet and saute scallion whites and garlic until soft. Add saffron, paprika, turmeric, and orzo. Toast until orzo is golden, about 2 to 3 minutes. Add broth and bring to a boil. Reduce heat; simmer, partially covered, until orzo is al dente, about 8 minutes.', 'Return chicken and shrimp to skillet, add tomatoes, and cook until liquid is absorbed and chicken is cooked through, about 2 minutes. Top with scallions and serve.']",http://images.media-allrecipes.com/global/recipes/nophoto/nopicture-910x511.png,0,0.0,0,1498112713,Orzo 'Paella',0,http://allrecipes.com/Recipe/131316/,Mixed
25,Every Day with Rachael Ray,15,This rice dish is bursting with ingredients and flavor. It's a great dinner-party dish.,False,[],"['2 (14 ounce) cans chicken broth', '2 pinches saffron', '3 tablespoons extra-virgin olive oil', '1 small onion, chopped', '1 red bell pepper, cut into 1/4-inch-wide strips', 'Salt and freshly ground pepper', '1 tomato, seeded and diced', '1 garlic clove, finely chopped', '2 cups Valencia rice, such as Goya brand', '12 ounces chorizo, cut diagonally into 1/2-inch-thick slices', '8 large shrimp, peeled and deveined, tails left intact', '12 mussels, scrubbed and debearded', '1/2 pound squid, cut into 1/4-inch rings', '1/4 cup frozen peas', '1 lemon cut into wedges', '2 tablespoons chopped parsley']","['In a small saucepan, bring the broth to a boil and stir in the saffron. Reduce the heat to low and simmer.', 'Meanwhile, heat the olive oil in a large skillet over medium heat, add the onion and bell pepper and cook until just softened, about 5 minutes. Season with salt and pepper, stir in the tomato and garlic and cook for 3 minutes. Stir in the rice and the simmering broth; scatter the chorizo on top. Bring to a boil and season with salt and pepper. Reduce the heat to low and loosely cover the pan with foil. Simmer for 10 minutes.', 'Scatter the shrimp, mussels and squid on the rice, cover and cook until the rice is tender and the seafood is cooked through, 15 to 20 minutes. Stir in the peas during the last 5 minutes of cooking. Remove the paella from the heat and let rest for 5 minutes. Garnish with the lemon wedges and parsley.']",http://images.media-allrecipes.com/userphotos/250x250/977916.jpg,25,0.0,0,1498114502,Seafood  Paella,40,http://allrecipes.com/Recipe/133371/,Mixed
26,Every Day with Rachael Ray,5,"Try paella at home for a spiced up weeknight dinner -- it's easier than it looks, but just as delish!",False,[],"['1 tablespoon vegetable oil', '8 ounces chorizo, sliced 1/4 inch thick', '1 1/2 cups long-grain white rice', '1 1/2 cups red salsa', '2 cups thawed frozen corn', '1 (15 ounce) can sliced large black olives', '1/2 cup chopped fresh cilantro']","['In a heavy medium saucepan, heat the oil over medium heat. Add the chorizo and cook, stirring occasionally, until lightly browned, about 4 minutes. Add the rice and stir for 1 minute to coat. Stir in 1 1/2 cups water and the salsa and bring to a boil, stirring once or twice. Cover the pot and simmer on low heat for 20 minutes.', 'Fluff the rice and stir in the corn. Remove from the heat, cover and let stand for 5 minutes. Stir in the olives and cilantro.']",http://images.media-allrecipes.com/userphotos/250x250/977062.jpg,25,0.0,0,1498114504,Red Rice with Chorizo,30,http://allrecipes.com/Recipe/134371/,Other
27,Rodale,0,.,False,[],"['1 pound medium-size shrimp', '1 (5 ounce) package yellow saffron rice', '1 (14 ounce) can diced tomatoes with zesty jalapenos', '1/2 (14 ounce) can artichoke hearts', '2 tablespoons olive oil', '2 cloves garlic, minced', '1/3 pound low-fat smoked turkey sausage', '1 cup chopped onion', '1/2 (8 ounce) can peas']","['In a 2-quart microwave-safe dish, stir together the shrimp, oil, and garlic until the shrimp are coated with oil. Nuke for 3 to 5 minutes, stirring once, until the shrimp are just pink. Remove the shrimp and all but 1 tablespoon of any accumulated juices to a plate, and cover with foil to keep warm.', 'Now toss the sausage and onion into the microwavable dish and heat for 5 to 7 minutes, stirring once. Mix in the rice and tomatoes, and microwave for 1 to 3 minutes. Stir in 1-1/2 c water and cover the dish tightly with plastic wrap. Microwave for 15 to 18 minutes, or until the rice is tender. Uncover, and stir in the artichokes and peas. Cover the shrimp with the rice and pour the shrimp juices over the top. Nuke for 1 to 3 minutes.']",http://images.media-allrecipes.com/global/recipes/nophoto/nopicture-910x511.png,0,0.0,0,1498115136,Painless Paella,0,http://allrecipes.com/Recipe/134859/,Seafood
28,Rodale,0,"Tasty, exotic, low-fat and surprisingly easy to make.",False,[],"['1 onion, sliced', '2 stalks asparagus, sliced', '1 green bell pepper, diced', '1 red bell pepper, diced', '3 tomatoes, diced', '1 pinch saffron', '2 tablespoons tomato paste', '1 pound rice', '1 pound steak, sliced', '1 tablespoon vegetable oil', '1 clove garlic, minced', '1 cup chicken stock', '1/2 cup dry red wine']","[""Slice the onion and the asparagus, and diced the peppers and tomatoes. Boil a gallon of water in a large pot and add the saffron and half the tomato paste. Then add the rice and boil for 10 minutes. Remove from heat, and spoon the rice into a large baking dish. (Don't discard the water.) Put the vegetables in the pot and heat on medium for 5 minutes; the water doesn't have to boil. Strain the vegetables and mix into the rice."", 'Preheat your oven to 350 degrees F. In a saucepan, mix the steak, oil, garlic, stock, and remaining tomato paste. Heat on high, stirring occasionally, until the meat is brown (about 5 minutes). Add the wine and simmer, covered, for 3 minutes.', 'Mix the steak and juices into the baking dish. Cover the dish with foil and bake it at 350 degrees F for about 15 minutes, stirring every 3 minutes.']",http://images.media-allrecipes.com/global/recipes/nophoto/nopicture-910x511.png,0,0.0,0,1498115228,Paella,0,http://allrecipes.com/Recipe/134902/,Traditional
29,Martha Stewart,25,"You don't need a paella pan to make this meal. Use a wide, shallow saute pan with a lid. If you are taking this dish to a party, reheat it covered; add water as needed.",False,"['Note', ""Paella is usually flavored and colored with saffron, the world's most expensive spice. We used paprika and turmeric instead, which are less expensive but create an equally good dish.""]","['2 tablespoons olive oil', '3/4 pound medium shrimp, peeled and deveined', '1 (12 ounce) package chicken sausage, sliced in 1/2-inch rounds', '1 medium onion, finely chopped', '2 cloves garlic, minced', '1 1/2 cups long-grain rice', '1/4 teaspoon paprika', '1/4 teaspoon ground turmeric', '1 (14.5 ounce) can diced tomatoes', '2 (14.5 ounce) cans reduced-sodium chicken broth', 'Coarse salt and ground pepper', '1 cup frozen green peas, thawed']","['In a heavy 12-inch saute pan, heat 1 tablespoon oil over medium-high heat. Cook shrimp until just pink on both sides, 4 to 5 minutes (do not overcook). Transfer to a plate.', 'Add remaining tablespoon oil and sausage to pan; cook over medium-high heat until beginning to brown, about 2 minutes. Add onion, and cook, stirring frequently, until translucent, 3 to 4 minutes. Add garlic and rice; cook, stirring to coat, until rice is translucent, 1 to 2 minutes.', 'Stir in paprika, turmeric, tomatoes, and broth, scraping up browned bits from bottom of pan with a wooden spoon. Season with salt and pepper.', 'Bring to a boil, then reduce heat to a simmer. Cover, and cook until rice is tender and has absorbed almost all liquid, 20 to 25 minutes. Stir in peas; cook 1 minute. Stir in cooked shrimp; serve immediately.']",http://images.media-allrecipes.com/global/recipes/nophoto/nopicture-910x511.png,0,4.0,1,1498115670,Easy Paella,50,http://allrecipes.com/Recipe/136375/,Mixed
30,ZapnTatersMom,50,"My grandmother emigrated from Valladolid, Spain. This is her AUTHENTIC Paella (Spanish rice)! ",False,[],"['2 1/2 cups uncooked white rice', '6 cups chicken stock, divided', '3 cloves garlic', '1 teaspoon chopped fresh parsley', '1/2 teaspoon curry powder', '5 saffron threads', 'salt and ground black pepper to taste', '1/4 cup olive oil', '1 onion, diced', '1 (3 pound) whole chicken, cut into small pieces', '2 cups peeled and deveined small shrimp, diced', '6 small lobster tails', '1/2 pound clams in shell, scrubbed', '1 (8 ounce) jar mushrooms, drained', '1 cup green peas', '1 (2 ounce) can mussels']","['Rinse the rice with cold water; drain; set aside. Bring the chicken stock to a boil in a saucepan over medium-high heat, reduce the heat to low, cover, and keep warm. Work the garlic, parsley, curry powder, saffron threads, salt, black pepper, and 1/2 cup of the hot chicken stock together with a mortar and pestle until a smooth liquid forms; set the seasoning liquid aside.', 'Heat the olive oil in a paella pan over medium-high heat; cook and stir the onion until lightly browned. Stir in the chicken, shrimp, lobster, and clams; cook and stir until the chicken is no longer pink in the center, about 10 minutes. Pour in the seasoning liquid.', 'Stir in the rice, pour in the hot chicken stock, and simmer until the rice is nearly tender, about 15 minutes. Add mushrooms, peas, and mussels; stir two times, and simmer for 10 minutes. Remove from heat; cover and let stand until rice is soft and flaky, about 7 minutes.']",http://images.media-allrecipes.com/userphotos/560x315/1103606.jpg,45,4.64,15,1498116131,Authentic Paella,105,http://allrecipes.com/Recipe/137464/,Mixed
31,Epicurious.com,60,.,False,"[""Cook's note"", 'Salad can be made (without parsley) 2 hours ahead and chilled, covered. Bring to room temperature and stir in parsley just before serving.', 'Chorizo is available at Latino markets and some supermarkets.']","['For Salad:', '2 tablespoons extra-virgin olive oil', '1/2 pound Spanish chorizo (spicy cured pork sausage; preferably hot), cut into 1/4-inch dice', '1/2 cup finely chopped shallot', '1 large garlic clove, minced', '1 1/2 cups chicken broth', '1/2 cup dry white wine', '3/4 pound medium shrimp in shell, peeled and deveined', '3/4 pound sea scallops, tough muscle removed from side of each if necessary, halved crosswise (quartered if large)', '1 tablespoon fresh lemon juice', '1 (10 ounce) box couscous', '1/4 teaspoon crumbled saffron threads', '1 cup frozen peas, thawed', '1 large red bell pepper, finely diced', '1 cup coarsely chopped drained pimiento-stuffed green olives', '1/3 cup finely chopped fresh flat-leaf parsley', 'For Dressing:', '1/3 cup fresh lemon juice', '1/3 cup extra-virgin olive oil', '2 large garlic cloves, chopped', '3/4 teaspoon salt', '1/2 teaspoon black pepper', '1/8 teaspoon cayenne', 'Accompaniment: lemon wedges']","['Make salad: Heat oil in a large heavy skillet over moderately high heat until hot but not smoking, then saute chorizo and shallot, stirring, until chorizo is golden brown on edges, 3 to 4 minutes. Add garlic and saute, stirring, 1 minute. Transfer mixture to a large bowl, scraping out skillet with a rubber spatula.', 'Bring broth and wine to a boil in a 2 1/2-quart saucepan and cook shrimp, covered, until just cooked through, about 45 seconds. Transfer shrimp with a slotted spoon to a small bowl. Bring liquid in saucepan back to a boil and cook scallops, covered, until just cooked through, about 2 minutes. Transfer scallops with slotted spoon to bowl with shrimp and pour any liquid accumulated in bowl back into pan. Add lemon juice to seafood, then add salt and pepper to taste and toss to combine.', 'Put couscous in a metal bowl. Reserve 1 3/4 cups cooking liquid in saucepan and discard remainder. Add saffron and bring liquid to a boil and pour over couscous. Let stand, covered tightly with plastic wrap, 5 minutes. Fluff couscous with a fork and add to chorizo. Stir in peas, bell pepper, olives, and seafood and toss to combine.', 'Blend lemon juice, oil, garlic, salt, black pepper, and cayenne in a blender until smooth and pour over seafood salad, tossing to combine well. Let stand 30 minutes at room temperature to allow couscous to absorb dressing.', 'Stir in parsley and season salad with salt and pepper.', 'Make dressing: Salad can be made (without parsley) 2 hours ahead and chilled, covered. Bring to room temperature and stir in parsley just before serving.']",http://images.media-allrecipes.com/global/recipes/nophoto/nopicture-910x511.png,0,0.0,0,1498117040,'Paella' Couscous Salad,90,http://allrecipes.com/Recipe/138547/,Mixed
32,EatingWell,5,"This bright red garlicky sauce (pronounced roo-EE) has a nice kick of cayenne. Traditionally an accompaniment for bouillabaisse, it's also great served as a condiment with grilled shrimp or mahi-mahi.",False,"['Saffron is the dried stigma of a saffron crocus. It contributes a pungent flavor and intense yellow color to classic dishes like paella. Saffron is sold in threads and powdered form.', 'Make Ahead Tip', 'Cover and refrigerate for up to 4 days.']","['1/4 cup chopped jarred roasted red peppers', '3 tablespoons reduced-fat mayonnaise', '2 teaspoons lemon juice', '1 teaspoon minced garlic', '1/4 teaspoon salt', '1/4 teaspoon freshly ground pepper', '1/4 teaspoon cayenne pepper', '1 pinch saffron (see Tip)']","['Combine red peppers, mayonnaise, lemon juice, garlic, salt, pepper, cayenne and saffron in a food processor; pulse, scraping down the sides as necessary, until smooth.']",http://images.media-allrecipes.com/global/recipes/nophoto/nopicture-910x511.png,0,0.0,0,1498119624,Spicy Rouille,5,http://allrecipes.com/Recipe/141528/,Other
33,EatingWell,60,"Full of spice and exotic flavors, this Cuban take on the classic Spanish paella is an easy way to feed a hungry crowd. Dont worry if you have leftovers. They can easily be rewarmed in a microwave or combined with eggs to make a Spanish tortilla (omelet); or for a great cold dish, toss the leftover rice with cooked vegetables and a vinaigrette made with lime juice instead of vinegar.",False,['Saffron is the dried stigma of a saffron crocus. It contributes a pungent flavor and intense yellow color to classic dishes like paella. Saffron is sold in threads and powdered form.'],"['1/4 cup paprika', '1/4 cup lime juice', '3 tablespoons extra-virgin olive oil, divided', '2 tablespoons rum (optional)', '2 teaspoons minced garlic', '2 teaspoons chopped fresh oregano', '1 teaspoon kosher salt', '1 teaspoon freshly ground pepper', '1/2 teaspoon ground cumin', '1 1/2 pounds boneless pork chops, trimmed, cut into cubes', '2 cups chopped onion', '2 tablespoons chopped garlic', '2 cups arborio rice or short-grain brown rice', '2 (14 ounce) cans reduced-sodium chicken broth', '1 cup canned diced tomatoes', '2 tablespoons capers, rinsed', '1/4 teaspoon saffron threads (see Note)', '16 large shrimp (21-25 per pound), peeled and deveined (optional)', '2 cups frozen artichoke hearts, thawed, or cooked green beans, fresh or frozen, thawed', '1/2 cup roasted red peppers, cut into strips']","['Combine paprika, lime juice, 2 tablespoons oil, rum (if using), 2 teaspoons minced garlic, oregano, salt, pepper and cumin in a medium bowl, stirring to make a homogeneous paste. Add pork and stir to coat.', 'Heat the remaining 1 tablespoon oil in a Dutch oven over medium-high heat. Add the pork, leaving any excess spice mixture in the bowl to add later. Cook the pork, stirring, until just cooked on the outside and the spices are very fragrant, 2 to 3 minutes. Transfer the pork to a plate.', 'Add onion and the remaining 2 tablespoons garlic to the pan and cook, stirring often, until the onion is softened, 4 to 5 minutes. Add rice and cook, stirring, until well coated with the onion mixture. Stir in broth, tomatoes, capers, saffron and any remaining spice mixture. (If using brown rice, also add 3/4 cup water now.) Bring to a boil, then reduce to a low simmer; cook, stirring occasionally, 15 minutes for arborio, 30 minutes for brown rice.', 'Preheat oven to 350 degrees F.', ""Stir shrimp (if using) and artichokes (or green beans) into the rice. Cover and bake for 20 minutes. Stir in the pork and any accumulated juices from the plate; scatter roasted peppers on top. Cover and continue baking until the rice is tender and the liquid has been absorbed (if you' ve added shrimp, they should be opaque and pink), 10 to 15 minutes more.""]",http://images.media-allrecipes.com/global/recipes/nophoto/nopicture-910x511.png,0,0.0,0,1498121400,Cuban-Style Pork and Rice,105,http://allrecipes.com/Recipe/148616/,Mixed
34,Birds Eye®,25,Paella is a one pan dish that has it all and then some.  This Spanish themed dish is filled with flavor.,False,[],"['1/2 pound Chorizo or Italian sausage, cut into 1/2 inch slices', '2 tablespoons oil', '1 cup onion, chopped', '1 cup red or green pepper, chopped', '1 clove garlic, chopped', '1 tablespoon chili powder', '2 teaspoons turmeric', '2 cups white rice', '4 1/2 cups chicken broth', 'Salt and pepper', '1 cup tomatoes, chopped', '1 pound shrimp in shell', '1 (10 ounce) package Birds Eye® Deluxe Baby Peas', 'Parsley and lemon wedges for garnish']","['In large deep skillet cook sausage until brown. Remove and drain on paper towels. Discard fat. Heat oil in the skillet. Add onion, pepper, garlic, chili powder and turmeric. Saute for 3 minutes. Add rice and stir until coated. Add the sausage and broth, cover pan and simmer slowly for 15 minutes. Uncover pan, season with salt and pepper. Add the tomatoes, press the shrimp tails into the rice, scatter the peas. Do not stir the rice. Cover the pan and cook another 8 to 10 minutes until rice and shrimp are cooked. Serve with parsley and lemon wedges.']",http://images.media-allrecipes.com/userphotos/250x250/982307.jpg,30,4.5,3,1498125144,Seafood Paella,55,http://allrecipes.com/Recipe/156608/,Mixed
35,EatingWell,30,Whole-wheat couscous soaks up this savory saffron-infused broth.,False,[],"['2 teaspoons extra-virgin olive oil', '1 medium onion, chopped', '1 clove garlic, minced', '1/2 teaspoon dried thyme', '1/2 teaspoon fennel seed', '1/4 teaspoon salt', '1/4 teaspoon freshly ground pepper', 'Pinch of crumbled saffron threads', '1 cup no-salt-added diced tomatoes, with juice', '1/4 cup vegetable broth', '4 ounces bay scallops, tough muscle removed', '4 ounces small shrimp (41-50 per pound), peeled and deveined', '1/2 cup whole wheat couscous']","['Heat oil in a large saucepan over medium heat. Add onion; cook, stirring constantly, for 3 minutes. Add garlic, thyme, fennel seed, salt, pepper and saffron; cook for 20 seconds.', 'Stir in tomatoes and broth. Bring to a simmer. Cover, reduce heat and simmer for 2 minutes.', 'Increase heat to medium, stir in scallops and cook, stirring occasionally, for 2 minutes. Add shrimp and cook, stirring occasionally, for 2 minutes more. Stir in couscous. Cover, remove from heat and let stand for 5 minutes; fluff.']",http://images.media-allrecipes.com/global/recipes/nophoto/nopicture-910x511.png,0,0.0,0,1498130477,Seafood Couscous Paella,35,http://allrecipes.com/Recipe/167763/,Seafood
36,Safeway,10,"Turkey sausage is the secret to trimming down this traditional Spanish dish, perfect for serving a crowd!",False,[],"['1 pound turkey Italian sausage', '1 tablespoon Safeway SELECT Olive Oil (optional)', '1 large onion, chopped', '2 cloves garlic, minced or pressed', '1 (14.5 ounce) can chicken broth', '1 (14.5 ounce) can diced tomatoes with onions and mild chiles', '1/4 teaspoon saffron threads', '1 (9 ounce) package frozen artichoke hearts, thawed and drained', '1/4 cup minced parsley', '1 cup precooked long-grain instant white rice', 'Lemon wedges (optional)']","['Remove casings from sausage and crumble meat into a 10- to 12-inch nonstick frying pan. Cook over medium-high heat until sausage is browned (7 to 9 minutes), stirring to break it into small chunks. Remove sausage from pan with a slotted spoon; set aside. Discard all but 1 tablespoon. of the drippings from pan. (If there are no drippings, add the olive oil instead.)', 'To pan, add onion and garlic. Cook, stirring often, until onion is lightly browned (about 5 minutes). If pan appears dry, stir in water, 1 tablespoon at a time. Stir in broth, tomatoes and their liquid, saffron, artichokes, and parsley; then return sausage to pan. Bring to a boil; then reduce heat and simmer for 5 minutes. Add rice; cover and simmer until liquid has been absorbed and rice is tender to bite (about 5 more minutes). Garnish with lemon wedges.']",http://images.media-allrecipes.com/userphotos/250x250/993140.jpg,25,0.0,0,1498135103,Turkey Paella,35,http://allrecipes.com/Recipe/175718/,Traditional
37,Safeway,10,"Savory golden saffron flavors paella, a luxuriant one-dish dinner with seafood, sausage, and rice.",False,[],"['12 ounces linguica (Portuguese), firm chorizo, or other cooked sausages', '1 tablespoon Safeway SELECT Olive Oil', '1 (8 ounce) onion, peeled and chopped', '1 (8 ounce) red bell pepper, rinsed, stemmed, seeded, and diced', '2 tablespoons minced garlic', '2 cups arborio or other short-grain white rice', '1 cup dry white wine', '1 quart O Organics Chicken Broth', '1/2 teaspoon paprika', '1/4 teaspoon ground dried turmeric', '1/4 teaspoon saffron threads, crumbled', 'Salt and pepper', '8 ounces boned, skinned firm white-fleshed fish, such as halibut', '1 pound Captains Choice shelled, deveined shrimp (26 to 30 per lb.), tails left on', '8 ounces mussels in shells', '1/4 cup slivered green onions (including green tops)', 'Lemon wedges']","['In a 15-inch paella pan or 12-inch frying pan (with at least 2 1/4-inch-tall sides) over high heat, turn sausages occasionally until browned on both sides, 3 to 5 minutes total. With tongs, transfer to a board.', 'Reduce heat to medium-high and add olive oil to pan; when hot, add onion, bell pepper, and garlic and stir often until onion is limp, 4 to 5 minutes. Add rice and stir until it begins to turn opaque, 2 to 3 minutes. Stir in wine, chicken broth, paprika, turmeric, and saffron. Bring to a boil over high heat, then reduce heat and simmer, uncovered, stirring once or twice, until rice is almost tender to bite, 15 to 18 minutes. Add salt and pepper to taste.', ""Meanwhile, rinse and drain fish and shrimp; cut fish into 1-inch pieces. Pull beards off mussels and scrub mussels; discard any gaping ones that don't close when you tap their shells. Cut sausages diagonally into 1/2-inch-thick slices."", 'Gently stir fish, shrimp, and sausages into rice mixture; arrange mussels on top. Cover pan with foil or lid and cook until rice is tender to bite, fish and shrimp are opaque but still moist-looking in center of thickest part (cut to test), and mussel shells have popped open, 7 to 8 minutes.', 'Sprinkle evenly with green onions. Garnish with lemon wedges. Serve from pan, adding juice from lemon wedges and more salt and pepper to taste.']",http://images.media-allrecipes.com/global/recipes/nophoto/nopicture-910x511.png,50,0.0,0,1498136163,Seafood and Sausage Paella,60,http://allrecipes.com/Recipe/177350/,Seafood
38,Swanson®,15,"Chicken, kielbasa and shrimp are mixed with a bold combination of Swanson® Chicken Stock, rice, turmeric and salsa to make a colorful dish that's a real crowd pleaser.",False,"[""Campbell's Kitchen Tip: Some like it hot and some don't! Before selecting which salsa to use in this recipe (hot, medium or mild) I consider the other foods I'm serving and my guests' preference for spicy foods. - Cathy Marschean-Spivak, Campbell's Kitchen""]","['1 tablespoon vegetable oil', '2 cups uncooked regular long-grain white rice', '4 cups Swanson® Chicken Stock, heated', '1 cup Pace® Thick & Chunky Salsa', '1 teaspoon ground turmeric', '1 (16 ounce) package turkey kielbasa, sliced', '12 ounces frozen peeled and deveined small cooked shrimp, thawed', '1 (10 ounce) package refrigerated fully-cooked chicken breast strips']","['Heat the oil in a 12-inch skillet over medium heat. Add the rice and cook for 30 seconds, stirring constantly. Stir in the stock, salsa and turmeric and heat to a boil. Reduce the heat to low. Cover the skillet and cook for 15 minutes.', 'Stir in the kielbasa, shrimp and chicken. Cover the skillet and cook for 5 minutes or until the rice is tender and most of the liquid is absorbed.']",http://images.media-allrecipes.com/userphotos/250x250/980164.jpg,30,4.55,10,1498136113,Pre-Game Paella,45,http://allrecipes.com/Recipe/177843/,Mixed
39,Safeway,15,"This quick version of classic paella is good for those on the go. To make it even faster, start rice mix before preparing other ingredients.",False,[],"['2 cups O Organics Chicken Broth', '1/4 teaspoon powdered saffron', '1 (7 ounce) box Spanish rice mix', '3 ounces linguica, halved lengthwise, then sliced', '1 cup chopped green or red bell pepper', '1/3 pound shelled, cooked fresh or frozen shrimp', '1/4 pound bay scallops', '3/4 cup Safeway SELECT Petite Green Peas']","['In a 10- to 12-inch frying pan over high heat, bring broth and saffron to a boil. Stir in rice and seasoning packet, reduce heat, and simmer, covered, until rice is tender to bite, 16 to 18 minutes.', 'Meanwhile, in an 8- to 10-inch frying pan over medium heat, stir linguica and bell pepper until meat is well browned, 10 to 12 minutes. Remove from heat (if using frozen shrimp, add to pan now and stir often until they are warm to the touch, about 4 minutes).', 'To rice, stir in sausage mixture, shrimp, scallops, and peas. Cover and cook over medium heat until scallops are no longer translucent and peas are hot to touch, about 4 minutes.']",http://images.media-allrecipes.com/global/recipes/nophoto/nopicture-910x511.png,30,0.0,0,1498136992,Presto Paella,45,http://allrecipes.com/Recipe/179867/,Seafood
40,Hellmann's® or Best Foods® Real Mayonnaise,25,A Bobby Flay Recipe,False,[],"[""1/4 cup Hellmann's® or Best Foods® Real Mayonnaise"", '2 1/2 tablespoons lemon juice', '1 teaspoon grated lemon peel', '1/2 teaspoon paprika', '2 tablespoons canola oil', '1/2 pound spicy turkey sausage or pork sausage, cut into 1/2-inch thick slices', '1 small Spanish onion, chopped', '2 roasted red bell peppers, cut into thin strips', '3 cloves garlic', '1 1/2 cups uncooked regular or converted rice', '3 cups chicken broth', '1 cup green peas', '1 pound leftover turkey, finely chopped', '1/4 cup finely chopped fresh parsley']","[""Combine Hellmann's(R) or Best Foods(R) Real Mayonnaise, lemon juice, lemon peel and paprika with wire whisk in small bowl. Season, if desired, with salt and pepper; set aside."", 'Heat oil in 4-quart Dutch oven over high heat and cook sausage, stirring occasionally, 5 minutes or until golden brown and just cooked through. Remove to paper-towel-lined plate.', 'Cook onion in same Dutch oven over medium heat, stirring occasionally, 4 minutes or until onion is tender. Stir in red peppers and garlic and cook 30 seconds. Stir in rice and cook, stirring occasionally, 3 minutes. Stir in broth. Bring to a boil over high heat. Reduce heat to medium and simmer covered 15 minutes or until rice is tender and liquid is absorbed. Stir in peas and turkey and let stand covered 5 minutes. Gently fold in lemon-paprika aioli and parsley. Season, if desired, with salt and pepper.']",http://images.media-allrecipes.com/userphotos/250x250/992039.jpg,35,0.0,0,1498153403,Turkey Paella with Lemon-Smoked Paprika Aioli,60,http://allrecipes.com/Recipe/213898/,Traditional
41,Rainierp,30,"(Aka Spanish Spaghetti or Noodle Paella) Pronounced 'Feed-wa'. I heard of this variation of paella that used noodles instead of rice. I am a big fan of paella and wanted to try it, but couldn't find a recipe. This is my version of fideua. It turned out awesome and a lot faster to cook than paella. I made mine in a 10” cast iron skillet, and made enough to feed about 4 peeps.",False,"[""Cook's Note"", ""Paella and fideua are versatile dishes. In fact the original idea was to make this dish and use up leftovers, and rumor has it that paella is an old Arabic word for ‘leftovers'. Little trivia for ya! You can make paella with sausage, chicken, scallops, clams, mussels, and all sorts of veggies; ideally they work the same. If you only use vegetables, you can replace the olive oil with butter.""]","['3 cups chicken stock, or more if needed', '2 cloves garlic, minced', '1 pinch saffron', '1 cup pancetta bacon, diced', '2 tablespoons olive oil, divided', '1/2 cup diced carrots', '1/2 cup frozen artichoke hearts, thawed', '1/2 cup fresh green beans', '2 cups diced white onion', 'salt and black pepper to taste', '2 cups diced tomatoes', '1 (16 ounce) package spaghetti, broken into 2-inch pieces']","['Combine the chicken stock, garlic, and saffron in a saucepan. Warm until hot, but not too hot to put your finger in. Cover, and keep warm over low heat so the saffron can infuse while you continue with the recipe.', 'Cook and stir the diced pancetta in a cast iron skillet over medium heat until most of the fat has rendered out and the pancetta has cooked to your desired degree of doneness, about 10 minutes. Once done, remove the pancetta and set aside.', 'Discard the grease and pour in 1 tablespoon of olive oil. Cook and stir the carrots, artichoke hearts, and green beans until the vegetables begin to soften, then remove from the pan and set aside. Heat the remaining 1 tablespoon of olive oil in the skillet, and stir in the onion. Season with salt and pepper, and cook until the onion has softened, about 10 minutes. Add the tomatoes, and cook until the tomato-onion mixture is practically a paste, 15 to 20 minutes.', 'Spread the onion mixture evenly over the bottom of the skillet, and sprinkle evenly with the broken spaghetti pieces. Pour in enough saffron broth to cover the noodles, then arrange the pancetta and cooked vegetables over top. Add additional saffron broth as needed to cover the vegetables. Bring to a simmer, then reduce heat to medium-low, and cook until the noodles are tender, about 15 minutes.']",http://images.media-allrecipes.com/userphotos/560x315/3186892.jpg,55,3.83,3,1498154894,Cascadia Fideua,85,http://allrecipes.com/Recipe/217055/,Traditional
42,CVirginiaKing,60,Hominy Grill-style low country rice casserole.  Close relative to jambalaya and paella.  Endless possibilities with this dish.,False,[],"['3 slices bacon, chopped', '1 cup cubed fully cooked ham', '1 pound smoked sausage, sliced', '2 cups diced onion', '1 cup diced celery', '1 cup diced green bell pepper', '1 cup diced red bell pepper', '1 teaspoon peanut oil (optional)', '2 tablespoons minced garlic', '1 cup peeled and diced eggplant', '1 teaspoon peanut oil', '2 cups uncooked white rice', '2 cups sliced fresh okra', '1/2 cup red wine', '2 cups chicken stock', '1 (14.25 ounce) can tomato puree', '2 bay leaves', '2 1/2 teaspoons salt', '1/2 teaspoon dried basil', '1/2 teaspoon dried thyme', '1/2 teaspoon ground black pepper', 'hot pepper sauce (such as Cholula®)']","['Preheat an oven to 375 degrees F (190 degrees C).', 'Place the bacon in a large, deep skillet, and cook over medium-high heat, turning occasionally, until evenly browned, about 8 minutes. Set the bacon on a paper towel-lined plate, leaving bacon fat in the skillet. Brown the ham and sausage in the bacon fat, about 10 minutes. Remove from pan.', 'Add the onions, celery, red and green bell peppers to the pan used to cook the meat, adding peanut oil if the pan is too dry. Cook and stir until the vegetables are tender, about 5 to 8 minutes. Stir in the garlic and cook 2 minutes. Add the eggplant, and cook for 5 more minutes. Place the cooked veggies in the bottom of a large casserole or oven-proof baking dish.', 'Heat 1 teaspoon peanut oil in the skillet. Pour in the uncooked rice; cook and stir until the rice is fragrant and golden, about 3 minutes. Spoon the rice over the veggies in the casserole dish. Cover the rice with the cooked bacon, ham, and sausage.', 'Return the skillet to medium heat, and cook the okra until lightly brown. Pour in the red wine and simmer until the wine has almost evaporated completely. Stir chicken stock, tomato puree, bay leaves, salt, basil, thyme, and black pepper into the okra; bring to a boil. Pour the okra mixture into the casserole dish, and cover the dish tightly with foil. Bake in the preheated oven until the rice is tender, about 1 to 1 1/4 hours. Remove the bay leaves and serve with hot sauce.']",http://images.media-allrecipes.com/userphotos/250x250/682834.jpg,100,3.33,2,1498154066,Red Rice Purloo,160,http://allrecipes.com/Recipe/218442/,Traditional
43,Allrecipes,20,Paella is a classic Spanish dish of rice cooked with shellfish and seasoned with saffron. It is perfect for easy entertaining.,False,[],"['2 tablespoons olive oil', '1 onion, finely diced', '1/2 tomato, finely diced', '1 pinch salt', '1/2 tablespoon smoked paprika', '6 fresh romano or green beans', '1/2 cup canned butter beans, drained and rinsed', '1/2 cup white rice', '6 large shrimp', '6 mussels', '6 clams', '1 cup white wine', '2 cups seafood stock', '1 pinch saffron threads', '1 teaspoon finely chopped fresh rosemary', '1 cup fresh peas', '5 baby squid, cut into rings and tentacles', '1 lemon, cut into wedges', '1 tablespoon chopped fresh flat-leaf parsley']","['Heat olive oil in a large skillet or paella pan over high heat. Cook and stir onion, tomato, salt, and smoked paprika into the hot oil until softened, about 3 minutes. Add romano beans, butter beans, and rice; cook and stir until rice is coated with oil, 2 to 3 minutes.', 'Place shrimp, mussels, and clams over the top of the rice mixture. Pour in white wine and seafood stock; sprinkle in saffron threads and rosemary. Bring mixture to a simmer. Turn shellfish and continue to cook until clams and mussels have opened, and shrimp are pink and cooked through, about 5 minutes. Remove clams, mussels, and shrimp and set aside.', 'Stir peas into the paella; simmer, uncovered, until rice is tender and has absorbed the liquid, 20 to 25 minutes. Stir in squid, and return clams, mussels, and shrimp to the pan. Cook until squid is opaque and cooked through, 2 to 3 more minutes. Serve with lemon wedges and chopped parsley.']",http://images.media-allrecipes.com/userphotos/560x315/4503420.jpg,35,4.2,4,1498158969,Authentic Seafood Paella,55,http://allrecipes.com/Recipe/228444/,Seafood
44,Filippo Berio Olive Oil,0,"This Spanish-inspired shellfish, chicken, vegetable, and rice classic is seasoned with savory herbs and spices and is easily prepared in the oven.",False,"['Recipe provided by Low Cholesterol Olive Oil Cookbook', '*You can substitute a 16-oz. can of drained asparagus tips or artichoke hearts for 1 cup of frozen green peas.']","['1/2 cup Filippo Berio® Extra Virgin Olive Oil', '1 1/2 pounds boneless chicken breasts, skinned and cut in half (or turkey breasts)', '3 garlic cloves, slivered', '1 large green bell pepper, cut into strips', '1 medium onion, chopped', '3 cups low-sodium chicken broth', '1 1/2 cups uncooked long-grain rice', '1 teaspoon paprika', '1/2 teaspoon dried oregano leaves', '1/4 teaspoon black pepper', '1/4 teaspoon crumbled saffron', '1/2 pound raw shrimp, peeled and deveined', '12 fresh littleneck clams, well rinsed and scrubbed', '2 large tomatoes', '1 cup frozen green peas, defrosted*']","['Preheat oven to 350 degrees F. Heat olive oil in a large, heavy skillet and saute chicken for 15 minutes until lightly browned. Transfer chicken to a large ovenproof casserole.', 'Saute garlic, green pepper, and onion over medium heat in remaining olive oil for 5 minutes. Add chicken broth to the skillet and bring to a boil over high heat. Stir in rice, paprika, oregano, black pepper, and saffron. Bring to a boil again.', 'Pour rice mixture over chicken pieces in casserole. Cover and bake for 40 minutes.', 'Remove casserole from oven. Add shrimp, clams, tomatoes, and peas. Cover and return to oven for 15 minutes.']",http://images.media-allrecipes.com/userphotos/250x250/983679.jpg,0,2.5,0,1498159260,Paella by Filippo Berio®,0,http://allrecipes.com/Recipe/229049/,Mixed
45,Bird's Eye,10,"Chunks of chicken and chorizo slices are cooked with a colorful blend of veggies until just done, then blended with white rice and broth for a quick and tasty weeknight dinner.",False,['*Cook chicken to an internal temperature of 165 degrees F as measured with a food thermometer.'],"['1 tablespoon vegetable oil', '1 pound boneless, skinless chicken breasts, cut in bite-sized pieces', '2 links chorizo sausage, thinly sliced', '1 (14 ounce) bag Birds Eye® Recipe Ready Mixed Vegetables', '1 (1 ounce) package taco seasoning blend', '1 (10 ounce) bag Birds Eye® Steamfresh® Long Grain White Rice, cooked according to package directions', '1/2 cup chicken broth']","['Heat oil in large nonstick skillet over medium-high heat and cook chicken and chorizo, stirring frequently, 8 minutes or until chicken is almost done.', 'Stir in Recipe Ready Mixed Vegetables and taco seasoning and cook, stirring occasionally, 5 minutes or until vegetables are tender.*', 'Stir in prepared rice and chicken broth; heat through. Season, if desired, with salt and pepper.']",http://images.media-allrecipes.com/userphotos/250x250/1020442.jpg,15,4.55,6,1498161467,Quick Chicken Paella,25,http://allrecipes.com/Recipe/233027/,Traditional
46,MariaTheSoaper,25,"I have loved paella since the first time I tried it while traveling through Spain at 17. Though I could never make it as great as my friend's mom in Madrid, this recipe comes so close! It's a favorite at our house for Sunday dinner and tastes all the better when made in a traditional paella pan (brought back in a suitcase, no less!). I hope you enjoy it as much as we do!",False,"[""Cook's Note:"", ""For this recipe, a special 4-person paella pan was used to create the authentic flavors of paella found in Spain. If you're not able to find a paella pan at your local specialty kitchen supply shop, you can also use a large flat-bottomed pan for this recipe, but it does need to have a flat bottom and able to be heated evenly to cook the rice."", 'You can use other vegetables, like green beans, Spanish beans, and artichoke hearts along with the peas in this recipe or leave them out. We prefer just the peas in our paella. You can also use all mussels or all clams, based on your preference.']","['4 cups chicken stock', '20 saffron threads, crushed', '3/4 cup olive oil', '4 chicken thighs', '1 cup chopped onion', '4 cloves garlic, minced', '4 links chorizo de bilbao (spicy Spanish semi-cured sausage)', '2 cups Spanish paella rice', '2 teaspoons Spanish sweet paprika', '1/2 cup grated peeled roma (plum) tomatoes', '8 clams in shell, scrubbed, or more to taste', '8 mussels, cleaned and debearded, or more to taste', '8 prawns, peeled and deveined (leave tails)', '3 red bell peppers, cut into strips', '10 ounces peas', 'salt and ground black pepper to taste', '1/2 cup chopped fresh Italian parsley', '8 wedges lemon', '1 baguette, sliced']","['Bring stock to a simmer in a stockpot over medium-low heat. Stir crushed saffron into the simmering stock.', 'Heat olive oil in a paella pan over medium heat. Fry chicken thighs in hot oil until lightly browned, 3 to 5 minutes per side. Add onion and garlic; cook and stir until the onion is translucent, 5 to 7 minutes more. Arrange the chorizo into the pan around the chicken thighs and cook until warmed, 3 to 5 minutes per side.', 'Pour rice into the paella pan and stir to coat with oil; season with sweet paprika. Stir grated tomato into the rice and cook until the tomato is warmed, 2 to 3 minutes.', 'Pour chicken stock into the paella pan and bring to a boil while scraping any browned bits of food off the bottom of the pan with a flat-edged wooden spoon. Smooth surface of rice with the wooden spoon in an even layer so it cooks evenly.', 'Reduce heat to medium-low and continue to cook, without stirring, until the rice has softened but has yet to completely absorb the stock, 15 to 30 minutes.', 'Place clams and mussels, hinged-side down, into the rice; continue simmering until the mussels and clams open, 5 to 7 minutes.', 'Nestle prawns into the rice; add bell pepper and peas. Continue cooking until the bottom of the rice is browned and fragrant, about 10 minutes. Remove from heat and cool 5 to 10 minutes. Season with salt and pepper, sprinkle parsley over the paella, and garnish with lemon wedges. Serve with baguette slices.']",http://images.media-allrecipes.com/userphotos/560x315/4472969.jpg,55,4.87,12,1498162940,Maria's Classic Paella,85,http://allrecipes.com/Recipe/236902/,Mixed
47,chefcs,10,"This is a twist on a Spanish-favorite. Use seitan, tofu, or tempeh to add a protein element. I substituted turmeric for the traditional saffron to cut costs.",False,[],"['2 cups boiling water', '1 cup white rice', '1 tablespoon olive oil', '1 onion, chopped', '3 cloves garlic, minced', '1 green bell pepper, sliced', '1 red bell pepper, sliced', '1 tomato, diced', '2 cups vegetable broth', '1 tablespoon paprika', '1 teaspoon salt', '1 teaspoon ground turmeric', '1 cup peas', '1 cup drained and quartered canned artichoke hearts']","['Mix boiling water and rice together in a bowl; let stand for 20 minutes. Drain.', 'Heat olive oil in a large skillet over medium heat; cook and stir onion and garlic until onion is transparent, about 5 minutes. Add green bell pepper, red bell pepper, and tomato; cook and stir until peppers are slightly tender, about 3 minutes.', 'Mix rice and vegetable broth into onion-pepper mixture; bring to a boil. Reduce heat to low and simmer. Add paprika, salt, and turmeric; cover skillet and simmer until rice is tender, about 20 minutes. Stir peas and artichoke hearts into rice mixture and cook until heated through, about 1 minute more.']",http://images.media-allrecipes.com/userphotos/560x315/4504060.jpg,30,4.78,6,1498163690,Vegan Paella,60,http://allrecipes.com/Recipe/238153/,Other
48,Chef John,15,"Consider this a gateway paella and the first step to a serious, lifelong addiction. When I first do a version of a classic dish like paella, I try to use a minimum number of ingredients and steps to focus on technique. After learning the method, you'll ideally use a wider variety of ingredients, like clams, mussels, squid, and chicken, which will make your rice that much more interesting. Garnish with extra virgin olive oil, freshly chopped flat-leaf parsley, and lemon wedges.",False,"[""Cook's Note:"", 'You can substitute smoked paprika for the paprika.', 'You can use hot chicken broth in place of the hot saffron broth.', 'You can use any smoky, spicy sausage in place of the chorizo sausage.']","['Saffron Broth:', '1 pound jumbo shrimp, peeled and deveined, shells reserved', '2 teaspoons olive oil', '1/2 teaspoon saffron threads, or more to taste', '2 1/4 cups chicken broth', 'Paella:', '1 tablespoon olive oil', '8 ounces chorizo sausage, sliced into thin rounds', '1/2 yellow onion, diced', '2 cloves garlic, minced', '1 1/3 cups Arborio rice', '1/2 cup green peas', '1 red bell pepper, cut into thin strips', '1 teaspoon paprika', '1 pinch cayenne pepper, or more to taste', 'salt to taste']","['Cook and stir reserved shrimp shells and 2 teaspoons olive oil in a saucepan over medium heat until shells are pink and fragrant, 1 to 2 minutes. Stir saffron into shells; add chicken broth, bring to a simmer, and cook until broth is a rusty brown and fragrant, about 20 minutes.', 'Strain saffron broth through a fine-mesh sieve; measure out 2 cups of broth, pour into a small saucepan, and place over low heat to keep broth hot.', 'Preheat oven to 425 degrees F (220 degrees C).', 'Heat 1 tablespoon olive oil in a large, oven-proof skillet over medium heat. Cook chorizo slices in hot oil until browned, about 2 minutes per side. Add onion to sausage; cook and stir until soft and slightly translucent, about 3 minutes. Reduce heat to medium-low.', 'Stir garlic into chorizo mixture; cook and stir until fragrant, about 1 minute. Add rice to skillet and stir to coat rice completely in oil; stir in peas.', 'Pat rice mixture evenly into the bottom of the skillet. Arrange shrimp in a single layer over the top of the rice. Lay pepper strips around and in-between shrimp; season with salt and cayenne pepper.', 'Increase heat to high. When rice begins to sizzle in the skillet, pour reserved 2 cups hot saffron broth over the shrimp; gently shake the skillet to distribute liquid.', 'Bake rice mixture in the preheated oven until rice is almost tender and still a bit wet, about 20 minutes.', 'Place skillet over medium-high and cook until rice is tender, liquid is absorbed, and rice caramelizes and crusts slightly on the bottom of the skillet, 3 to 5 minutes.']",http://images.media-allrecipes.com/userphotos/560x315/3430096.jpg,55,4.85,38,1498163099,Quick and Easy Paella ,70,http://allrecipes.com/Recipe/238588/,Mixed
49,jean,15,Rice main dish with vegetables and seafood.,False,[],"['1/2 cup olive oil', '3 pounds chicken thighs', '1 pound baby bella mushrooms, sliced', '1 cup diced onion', '1 tablespoon diced garlic, or to taste', '2 pounds peeled and deveined jumbo shrimp', '1 pound sea scallops, halved', '1 pound lobster meat, chopped', '1 cup diced red bell pepper', '1 cup diced green bell pepper', '6 cups rice', '5 cups chicken stock', '1 pound frozen peas', '1 (14 ounce) can crushed tomatoes', '2 teaspoons saffron threads', '2 teaspoons salt', '2 pounds steamer clams', '6 lemon wedges']","['Heat olive oil in a very large pot over medium-high heat until it begins to smoke. Place chicken, skin-side down, into hot oil and cook until browned on the outside and no longer pink in the middle, about 5 minutes per side, flipping 4 times. Remove chicken from oil with a slotted spoon and let cool on a plate.', 'Saute mushrooms, onion, and garlic in the hot oil until onions are translucent, 5 to 7 minutes. Add shrimp, sea scallops, lobster meat, red bell pepper, and green bell pepper; cook and stir for 5 minutes.', 'Pull meat off the bones of the chicken thighs, discarding bones and skin or using to make a stock. Stir chicken meat into seafood-vegetable mixture.', 'Mix rice, chicken stock, peas, tomatoes, saffron threads, and salt into seafood-vegetable mixture; cook, stirring frequently, until liquid is absorbed. Reduce heat to low, cover pot, and simmer for 30 minutes.', 'Nestle clams into rice mixture, cover pot, and cook until clams pop open, about 10 minutes more. Garnish paella with lemon wedges and cover pot. Remove pot from heat and let paella sit until flavors have blended, about 20 minutes.']",http://images.media-allrecipes.com/userphotos/560x315/4127549.jpg,70,0.0,0,1498167549,Seafood Paella,105,http://allrecipes.com/Recipe/241175/,Mixed
50,Zatarain's,10,"Feel like Spanish tonight? This paella recipe makes it easy with Zatarain's yellow rice, shrimp, smoked sausage, onion and peas. If you want to give it a little more South Louisiana flavor, use andouille sausage.",False,[],"['2 cups water', '1/2 pound smoked sausage, halved lengthwise and sliced 1/4-inch thick', '1 (14.5 ounce) can diced tomatoes, undrained', '1/2 cup chopped onion', '1 teaspoon dried parsley flakes', ""1 (6.9 ounce) package ZATARAIN'S® Yellow Rice"", '1 pound large shrimp, peeled and deveined', '1 cup frozen peas']","['Bring water, sausage, tomatoes, onion and parsley to boil in large skillet. Stir in Rice Mix. Return to boil. Reduce heat to low; cover and simmer 15 minutes.', 'Stir in shrimp and peas. Cover and cook 10 to 15 minutes longer or just until shrimp turn pink and rice is tender, stirring occasionally. Remove from heat. Let stand 5 minutes.']",http://images.media-allrecipes.com/userphotos/560x315/3208126.jpg,30,4.38,8,1498169814,Skillet Paella,40,http://allrecipes.com/Recipe/246134/,Seafood
51,Cindy Anschutz Barbieri,25,"I just love a great one-pot dish that makes everyone go wow. I prepare, cook, and serve right out of my beautiful braising pan. You can also use your paella pan. 

Thank you to D&D; Market (the new Wethersfield, CT store) for the fresh ingredients to make this great recipe. Using cauliflower as your rice makes this dish a perfect paleo side dish or main course! This is also a stove-to-table dish without any mess in 30 minutes!",False,"[""Cook's Notes:"", 'Substitute vegetable stock for the chicken stock if desired.', 'Use mild or hot sausage as preferred.']","['1 head cauliflower, broken into florets', '2 tablespoons hot water', '1/2 teaspoon saffron threads', '1/4 cup extra-virgin olive oil , divided', '3 links sweet Italian chicken sausage, diced', '1 large zucchini, chopped', '1 yellow onion, chopped', '1 carrot, grated', '2 cloves garlic, or more to taste, minced', '1/4 teaspoon ground cayenne pepper', '1 (15 ounce) can artichokes, drained', '3 cups chicken stock', 'sea salt', '1/2 teaspoon freshly ground black pepper', '1 1/2 cups snow peas']","['Place cauliflower florets in a food processor; pulse into grains the size of rice.', 'Combine hot water and saffron threads in a small bowl; let stand for 3 minutes to infuse.', 'Heat 2 tablespoons olive oil in a paella pan over medium heat. Add sausage; cook and stir until browned, about 5 minutes. Stir in zucchini and onion; cook for 3 minutes. Add saffron infusion, carrot, garlic, and cayenne pepper; cook for 1 minute.', 'Stir cauliflower ""rice"" and artichokes into the pan. Cook and stir until slightly softened, about 3 minutes. Pour in stock; season with salt and pepper. Bring to a boil; reduce heat and simmer until most of the stock is absorbed, about 10 minutes. Stir in snow peas; simmer until all stock is absorbed, 3 to 5 minutes more.', 'Remove paella from the heat and drizzle remaining 2 tablespoons olive oil on top.']",http://images.media-allrecipes.com/userphotos/560x315/4476448.jpg,27,4.67,3,1498174788,"Artichoke and Chicken Sausage Cauliflower ""Paella""",55,http://allrecipes.com/Recipe/255609/,Traditional
52,Diana71,10,"A deliciously tempting, grain-free paella made Mexican style with flavorful chorizo. This recipe has a wonderful earthy background flavor and a deep color. It makes a beautiful presentation for dinner.",False,"[""Cook's Notes:"", 'For cauliflower rice, either purchase as such, or to make your own, remove outer leaves from cauliflower, cut into flowerets (removing most of the thick core), and place into food processor. Blend for 30 seconds or so, until cauliflower resembles fine rice. You may also grate the raw cauliflower on a coarse grater.', ""When stir-frying the cauliflower rice, do not remove any of the grease in the pot left from the sausage and chicken…there shouldn't be much grease anyway, but what is left will help to harden the cauliflower into a nice toasty crust, very similar to the best part of traditional paella with rice, where the rice is seared and sticks to the bottom of the pan."", 'Use spicy Mexican chorizo!! This provides a good amount of the flavor and seasoning to the dish, which is why there are small amounts of herbs used in this recipe.', 'Splitting the cauliflower rice into 2 cups and then 1 cup as separate additions adds different textures and depth to the dish.']","['1 pound chorizo sausage', '1 skinless, boneless chicken breast', '3 cups cauliflower rice, divided', '1 medium onion, diced', '1 large yellow or orange bell pepper, seeded and chopped', '1 pinch salt', 'ground black pepper to taste', '3 cloves garlic, finely minced', ""1 (14.5 ounce) can Hunt's® Diced Tomatoes"", '2 bay leaves', '1 1/2 teaspoons fresh thyme leaves', '1/2 teaspoon crushed saffron threads', '1/2 teaspoon dried basil', '1/2 cup water', '2 tablespoons tomato paste', '2 cubes chicken bouillon', '1 cup frozen peas', '3 frozen tilapia fillets']","['Place paella pan or large flat-bottomed pan over medium-high heat. Cook and crumble chorizo sausage, stirring to break up chunks, until browned, about 5 minutes. Add chicken; cook and stir with sausage until chicken is no longer pink instead and is browned. Transfer chicken and sausage to a plate.', 'Reduce heat to medium and add 2 cups of the cauliflower rice. Cook, stirring for 5 minutes to brown the cauliflower slightly (this brings out a nutty flavor). Add the diced onion and bell pepper. Season with a pinch of salt, and pepper to taste. Add the minced garlic. Cook 2 minutes longer.', 'Pour canned tomatoes into pan. Add bay leaves, thyme leaves, saffron, and basil. Mix well. Transfer sausage and chicken mixture back to pan. Add water, tomato paste, and bouillon. Stir to combine all ingredients. Bring to a boil; reduce heat to medium-low and cover. Simmer 15 minutes.', 'Remove lid and fold in peas and remaining 1 cup of cauliflower rice. Place frozen tilapia filets on top of the paella mixture, cover and steam for another 10 minutes. Remove lid and check for doneness. Gently break apart fillets with wooden spoon, and stir to incorporate chunks of fish into paella.', 'Serve from the pot at the table!']",http://images.media-allrecipes.com/userphotos/560x315/4258894.jpg,45,4.8,5,1498174472,Mexican Paella with Cauliflower Rice,55,http://allrecipes.com/Recipe/256305/,Traditional
53,25 Peppers,35,"A twist on the classic Spanish dish. It uses merguez, couscous, and cumin to give a uniquely Middle Eastern/North African flavor.",False,[],"['1/4 cup olive oil', '1 onion, chopped', '1 roasted red pepper, chopped', '2 cloves garlic, chopped', '3 vine-ripened tomatoes, chopped', '1 (8 ounce) salmon fillet, cut into pieces', '5 ounces merguez sausage, cut into pieces', '6 cups vegetable broth, divided', '1/2 cup white wine', '1 teaspoon ground cumin', 'salt and ground black pepper to taste', '12 shrimp, shelled and deveined', '12 mussels, cleaned and debearded', '2 (5.8 ounce) boxes couscous']","['Heat olive oil in a large pot over medium heat. Add onion, roasted red pepper, and garlic; cook and stir until fragrant, 3 to 4 minutes. Stir in tomatoes, salmon fillet, and merguez sausage; cook for 2 to 3 minutes.', 'Pour 2 1/2 cups broth and white wine into the pot. Season stew with cumin, salt, and pepper; bring to a boil. Reduce heat to low and stir in shrimp; simmer until opaque, about 3 minutes. Remove from heat and add mussels; cover and let stand until mussels open, about 5 minutes.', 'Bring remaining 3 1/2 cups broth to a boil in a separate pot. Stir in couscous. Remove from heat and let stand until couscous absorbs broth, about 5 minutes.', 'Serve couscous in shallow bowls; ladle stew on top.']",http://images.media-allrecipes.com/global/recipes/nophoto/nopicture-910x511.png,18,0.0,0,1498176841,North African Paella,63,http://allrecipes.com/Recipe/257063/,Seafood
54,mark slaw,15,"A friend of ours gave us a tomatillo paella recipe shortly after we were married and I proceeded to lose it. After not having made it for a few years, I tried to recreate it and this is the result. I love the stuff!",False,"[""Cook's Note:"", ""If you can't find (or afford) saffron for this dish, a good substitute is widely available. Sazon Goya ® comes in a variety of flavors; buy the one marked 'con azafran' (with saffron).""]","['1/2 pound bacon, chopped', '1 onion, chopped', '2 pounds tomatillos, husked and chopped', '1 (10 ounce) package frozen peas, or to taste', '1 bell pepper, chopped', '3 fresh jalapeno peppers, sliced', '1 teaspoon paprika', '1 pinch saffron', '2 cups uncooked white rice', '4 cups chicken broth', '1 bunch cilantro, chopped']","['Heat a skillet to medium-high, add bacon. Cook and stir to release fat, about 5 minutes. Remove bacon from skillet with a slotted spoon, reserving bacon fat in the skillet.', 'Place onion in hot skillet with remaining bacon fat; cook and stir until translucent, 3 to 5 minutes. Add tomatillos, peas, and bell pepper to the skillet; cook and stir until softened, 3 to 5 minutes.', 'Place jalapeno peppers, paprika, saffron, and rice in the skillet; pour in broth. Cover and cook over low heat until rice is tender, 30 to 35 minutes. Add cilantro and reserved bacon, stir to combine.']",http://images.media-allrecipes.com/global/recipes/nophoto/nopicture-910x511.png,41,0.0,0,1498174924,Cabbage Hill Tomatillo Paella,56,http://allrecipes.com/Recipe/258560/,Traditional
